{
  "initialization_time_control": 0.14036202430725098,
  "execution_time_control": 51.99716281890869,
  "total_time": 52.13752484321594
}