{
  "initialization_time_control": 0.1394205093383789,
  "execution_time_control": 63.368186473846436,
  "total_time": 63.507606983184814
}