{
  "initialization_time_control": 0.14414739608764648,
  "execution_time_control": 122.1650927066803,
  "total_time": 122.30924010276794
}