{
  "initialization_time_control": 0.14030981063842773,
  "execution_time_control": 55.568536043167114,
  "total_time": 55.70884585380554
}