{
  "initialization_time_control": 0.14337611198425293,
  "execution_time_control": 87.60748672485352,
  "total_time": 87.75086283683777
}