{
  "initialization_time_control": 0.15120530128479004,
  "execution_time_control": 47.483418703079224,
  "total_time": 47.634624004364014
}