{
  "initialization_time_control": 0.14277195930480957,
  "execution_time_control": 125.2515549659729,
  "total_time": 125.39432692527771
}