{
  "initialization_time_control": 0.1634981632232666,
  "execution_time_control": 218.5479929447174,
  "total_time": 218.71149110794067
}