{
  "initialization_time_control": 0.14422082901000977,
  "execution_time_control": 241.4816699028015,
  "total_time": 241.62589073181152
}