{
  "initialization_time_control": 0.1506795883178711,
  "execution_time_control": 52.252562046051025,
  "total_time": 52.4032416343689
}