{
  "initialization_time_control": 0.14137625694274902,
  "execution_time_control": 278.4704372882843,
  "total_time": 278.61181354522705
}