{
  "initialization_time_control": 0.13529753684997559,
  "execution_time_control": 97.28374099731445,
  "total_time": 97.41903853416443
}