{
  "initialization_time_control": 0.14437079429626465,
  "execution_time_control": 60.79490876197815,
  "total_time": 60.939279556274414
}