{
  "initialization_time_planning": 0.14116215705871582,
  "execution_time_planning": 136.31138801574707,
  "total_time": 136.4525501728058
}