{
  "initialization_time_planning": 0.1503443717956543,
  "execution_time_planning": 125.88675856590271,
  "total_time": 126.03710293769836
}